date,signal_alias,stock_code,industry,score,future_return,benchmark_return,excess_return,weight
2025-04-22,stage4_1_tree,688133,工业制造,0.0168014736610512,-0.03932151117964522,-0.01825062469028939,-0.021070886489355827,0.25
2025-04-22,stage4_1_tree,688045,TMT科技,0.0075395258418361,-0.033695652173912904,-0.01825062469028939,-0.015445027483623513,0.25
2025-04-22,stage4_1_tree,600025,周期公用,0.0009350567549744,0.01967213114754096,-0.01825062469028939,0.03792275583783035,0.25
2025-04-22,stage4_1_tree,600051,消费服务,0.0009350567549744,0.08422664624808562,-0.01825062469028939,0.10247727093837501,0.25
2025-04-29,stage4_1_tree,603335,工业制造,0.0168014736610512,0.03872437357630987,0.01874148615081282,0.01998288742549705,0.25
2025-04-29,stage4_1_tree,600051,消费服务,0.0075395258418361,-0.031073446327683718,0.01874148615081282,-0.04981493247849654,0.25
2025-04-29,stage4_1_tree,600025,周期公用,0.0009350567549744,0.02893890675241151,0.01874148615081282,0.01019742060159869,0.25
2025-04-29,stage4_1_tree,600127,消费服务,0.0009350567549744,0.05413533834586448,0.01874148615081282,0.03539385219505166,0.25
2025-05-09,stage4_1_tree,605589,工业制造,0.0075395258418361,-0.02654867256637161,-0.009766478390468963,-0.016782194175902647,0.25
2025-05-09,stage4_1_tree,688528,TMT科技,0.0075395258418361,0.007423117709438154,-0.009766478390468963,0.01718959609990712,0.25
2025-05-09,stage4_1_tree,600025,周期公用,0.0009350567549744,-0.008333333333333526,-0.009766478390468963,0.0014331450571354373,0.25
2025-05-09,stage4_1_tree,600051,消费服务,0.0009350567549744,0.032069970845481244,-0.009766478390468963,0.04183644923595021,0.25
2025-05-16,stage4_1_tree,600025,周期公用,0.00113720973696,0.028361344537815247,-0.006513280220251029,0.034874624758066276,0.25
2025-05-16,stage4_1_tree,600127,消费服务,0.00113720973696,-0.020408163265306256,-0.006513280220251029,-0.013894883045055227,0.25
2025-05-16,stage4_1_tree,600153,消费服务,0.00113720973696,0.004149377593360981,-0.006513280220251029,0.01066265781361201,0.25
2025-05-16,stage4_1_tree,600548,周期公用,0.00113720973696,0.015474239941744017,-0.006513280220251029,0.021987520161995046,0.25
2025-05-23,stage4_1_tree,600025,周期公用,0.0074885612554843,0.008171603677221695,0.006516091535707635,0.0016555121415140596,0.25
2025-05-23,stage4_1_tree,600548,周期公用,0.0074885612554843,-0.008067407673001181,0.006516091535707635,-0.014583499208708817,0.25
2025-05-23,stage4_1_tree,600051,消费服务,0.00113720973696,0.015873015873015817,0.006516091535707635,0.00935692433730818,0.25
2025-05-23,stage4_1_tree,600127,消费服务,0.00113720973696,0.0014880952380953438,0.006516091535707635,-0.0050279962976122914,0.25
2025-05-30,stage4_1_tree,600025,周期公用,0.0074885612554843,-0.037487335359675855,0.01583337316876456,-0.05332070852844041,0.25
2025-05-30,stage4_1_tree,600051,消费服务,0.00113720973696,0.02130681818181812,0.01583337316876456,0.005473445013053562,0.25
2025-05-30,stage4_1_tree,600127,消费服务,0.00113720973696,0.010401188707280795,0.01583337316876456,-0.005432184461483764,0.25
2025-05-30,stage4_1_tree,600153,消费服务,0.00113720973696,0.007201646090535085,0.01583337316876456,-0.008631727078229474,0.25
2025-06-09,stage4_1_tree,688031,TMT科技,0.0137144591285699,-0.073777229757501,-0.017591440915007802,-0.0561857888424932,0.25
2025-06-09,stage4_1_tree,605589,工业制造,0.0074885612554843,-0.03157147924796033,-0.017591440915007802,-0.01398003833295253,0.25
2025-06-09,stage4_1_tree,688045,TMT科技,0.0074885612554843,-0.042329630741519186,-0.017591440915007802,-0.024738189826511384,0.25
2025-06-09,stage4_1_tree,600025,周期公用,0.00113720973696,0.0031578947368422483,-0.017591440915007802,0.02074933565185005,0.25
2025-06-16,stage4_1_tree,600051,消费服务,0.0077999884595665,-0.009708737864077666,-0.005732027337430127,-0.003976710526647539,0.25
2025-06-16,stage4_1_tree,600127,消费服务,0.0077999884595665,0.007246376811594235,-0.005732027337430127,0.012978404149024361,0.25
2025-06-16,stage4_1_tree,603341,TMT科技,0.0077999884595665,0.01661474558670828,-0.005732027337430127,0.022346772924138406,0.25
2025-06-16,stage4_1_tree,600025,周期公用,0.0010596411207788,0.024134312696747262,-0.005732027337430127,0.029866340034177388,0.25
2025-06-23,stage4_1_tree,600025,周期公用,0.0077999884595665,-0.021516393442623016,0.05182957490025233,-0.07334596834287535,0.25
2025-06-23,stage4_1_tree,600127,消费服务,0.0077999884595665,-0.01151079136690647,0.05182957490025233,-0.0633403662671588,0.25
2025-06-23,stage4_1_tree,603341,TMT科技,0.0077999884595665,0.03753830439223682,0.05182957490025233,-0.014291270508015506,0.25
2025-06-23,stage4_1_tree,600153,消费服务,0.0010596411207788,0.04845360824742251,0.05182957490025233,-0.003375966652829819,0.25
2025-06-30,stage4_1_tree,600025,周期公用,0.0010596411207788,0.012565445026177846,0.005576341424148195,0.006989103602029651,0.25
2025-06-30,stage4_1_tree,600051,消费服务,0.0010596411207788,0.045454545454545636,0.005576341424148195,0.03987820403039744,0.25
2025-06-30,stage4_1_tree,600127,消费服务,0.0010596411207788,0.02183406113537112,0.005576341424148195,0.016257719711222925,0.25
2025-06-30,stage4_1_tree,600153,消费服务,0.0010596411207788,0.0206489675516226,0.005576341424148195,0.015072626127474405,0.25
2025-07-07,stage4_1_tree,688133,工业制造,0.0077999884595665,0.02045075125208684,0.020375739892339807,7.501135974703407e-05,0.25
2025-07-07,stage4_1_tree,600025,周期公用,0.0010596411207788,-0.020682523267838593,0.020375739892339807,-0.041058263160178396,0.25
2025-07-07,stage4_1_tree,600127,消费服务,0.0010596411207788,-0.00712250712250706,0.020375739892339807,-0.027498247014846867,0.25
2025-07-07,stage4_1_tree,600153,消费服务,0.0010596411207788,0.02215799614643532,0.020375739892339807,0.0017822562540955149,0.25
2025-07-14,stage4_1_tree,600967,工业制造,0.0089226687805447,0.1450719822812847,0.0204919608873638,0.12458002139392091,0.25
2025-07-14,stage4_1_tree,600051,消费服务,0.0067569031570287,-0.003821656050955302,0.0204919608873638,-0.024313616938319103,0.25
2025-07-14,stage4_1_tree,605589,工业制造,0.0067569031570287,0.06713900134952766,0.0204919608873638,0.04664704046216386,0.25
2025-07-14,stage4_1_tree,688133,工业制造,0.0067569031570287,0.05725971370143168,0.0204919608873638,0.03676775281406788,0.25
2025-07-21,stage4_1_tree,605589,工业制造,0.021674392087744,0.016756244072083426,0.01678634951838706,-3.010544630363543e-05,0.25
2025-07-21,stage4_1_tree,688031,TMT科技,0.0067569031570287,0.060599877576004824,0.01678634951838706,0.04381352805761776,0.25
2025-07-21,stage4_1_tree,688133,工业制造,0.0067569031570287,0.08162475822050297,0.01678634951838706,0.06483840870211591,0.25
2025-07-21,stage4_1_tree,688528,TMT科技,0.0067569031570287,0.01426024955436711,0.01678634951838706,-0.002526099964019951,0.25
2025-07-28,stage4_1_tree,688045,TMT科技,0.0067569031570287,0.03755741691434755,0.006415482108389077,0.031141934805958477,0.25
2025-07-28,stage4_1_tree,600025,周期公用,0.0011073128742544,-0.0021574973031283085,0.006415482108389077,-0.008572979411517386,0.25
2025-07-28,stage4_1_tree,600051,消费服务,0.0011073128742544,-0.011642949547218673,0.006415482108389077,-0.01805843165560775,0.25
2025-07-28,stage4_1_tree,600127,消费服务,0.0011073128742544,-0.007153075822603827,0.006415482108389077,-0.013568557930992904,0.25
2025-08-04,stage4_1_tree,688045,TMT科技,0.0067569031570287,0.013541666666666785,0.02400443465774619,-0.010462767991079404,0.25
2025-08-04,stage4_1_tree,688147,TMT科技,0.0067569031570287,0.02605091770278256,0.02400443465774619,0.002046483045036372,0.25
2025-08-04,stage4_1_tree,600025,周期公用,0.0011073128742544,-0.007567567567567601,0.02400443465774619,-0.03157200222531379,0.25
2025-08-04,stage4_1_tree,600051,消费服务,0.0011073128742544,0.035340314136125706,0.02400443465774619,0.011335879478379517,0.25
2025-08-11,stage4_1_tree,605090,周期公用,0.0075912766523209,0.027942596936663344,0.020326068075995324,0.00761652886066802,0.25
2025-08-11,stage4_1_tree,688528,TMT科技,0.0075912766523209,-0.04672131147540981,0.020326068075995324,-0.06704737955140513,0.25
2025-08-11,stage4_1_tree,600025,周期公用,0.0007168516125175,-0.007625272331154731,0.020326068075995324,-0.027951340407150055,0.25
2025-08-11,stage4_1_tree,600051,消费服务,0.0007168516125175,-0.031605562579013924,0.020326068075995324,-0.05193163065500925,0.25
2025-08-18,stage4_1_tree,600967,工业制造,0.0121510202626912,-0.0694994598487576,0.01914063754269096,-0.08864009739144857,0.25
2025-08-18,stage4_1_tree,600153,消费服务,0.0075912766523209,0.02272727272727293,0.01914063754269096,0.003586635184581969,0.25
2025-08-18,stage4_1_tree,600025,周期公用,0.0007168516125175,0.03073545554335899,0.01914063754269096,0.011594818000668031,0.25
2025-08-18,stage4_1_tree,600051,消费服务,0.0007168516125175,0.022193211488250597,0.01914063754269096,0.003052573945559637,0.25
2025-08-25,stage4_1_tree,600153,消费服务,0.0075912766523209,-0.05777777777777793,-0.007734934411061165,-0.050042843366716765,0.25
2025-08-25,stage4_1_tree,603341,TMT科技,0.0075912766523209,0.003058103975535076,-0.007734934411061165,0.01079303838659624,0.25
2025-08-25,stage4_1_tree,600025,周期公用,0.0007168516125175,-0.03407880724174661,-0.007734934411061165,-0.02634387283068545,0.25
2025-08-25,stage4_1_tree,600051,消费服务,0.0007168516125175,-0.06513409961685823,-0.007734934411061165,-0.05739916520579707,0.25
2025-09-01,stage4_1_tree,688031,TMT科技,0.0075912766523209,-0.09366621983914203,-0.011695160723041706,-0.08197105911610032,0.25
2025-09-01,stage4_1_tree,600025,周期公用,0.0007168516125175,0.04299889746416774,-0.011695160723041706,0.054694058187209446,0.25
2025-09-01,stage4_1_tree,600051,消费服务,0.0007168516125175,0.0095628415300546,-0.011695160723041706,0.021258002253096306,0.25
2025-09-01,stage4_1_tree,600127,消费服务,0.0007168516125175,-0.012820512820512775,-0.011695160723041706,-0.001125352097471069,0.25
2025-09-08,stage4_1_tree,600025,周期公用,0.0032330017508973,-0.016913319238900826,0.010635996462297041,-0.02754931570119787,0.25
2025-09-08,stage4_1_tree,600051,消费服务,0.0032330017508973,-0.005412719891745521,0.010635996462297041,-0.016048716354042564,0.25
2025-09-08,stage4_1_tree,600127,消费服务,0.0032330017508973,0.00721500721500723,0.010635996462297041,-0.003420989247289811,0.25
2025-09-08,stage4_1_tree,600548,周期公用,0.0032330017508973,-0.05038022813688203,0.010635996462297041,-0.061016224599179075,0.25
2025-09-15,stage4_1_tree,603335,工业制造,0.0154024074985193,-0.008576329331046462,-0.0034164840942350412,-0.005159845236811421,0.25
2025-09-15,stage4_1_tree,600025,周期公用,0.0032330017508973,-0.011827956989247101,-0.0034164840942350412,-0.00841147289501206,0.25
2025-09-15,stage4_1_tree,600051,消费服务,0.0032330017508973,-0.032653061224489854,-0.0034164840942350412,-0.029236577130254814,0.25
2025-09-15,stage4_1_tree,600127,消费服务,0.0032330017508973,-0.028653295128939882,-0.0034164840942350412,-0.02523681103470484,0.25
2025-09-22,stage4_1_tree,600025,周期公用,0.0032330017508973,0.03264417845484213,0.008138583819130732,0.0245055946357114,0.25
2025-09-22,stage4_1_tree,600153,消费服务,0.0032330017508973,-0.04784688995215314,0.008138583819130732,-0.05598547377128387,0.25
2025-09-22,stage4_1_tree,603237,消费服务,0.0032330017508973,-0.015529672767609415,0.008138583819130732,-0.023668256586740148,0.25
2025-09-22,stage4_1_tree,603341,TMT科技,0.0032330017508973,0.03722466960352433,0.008138583819130732,0.029086085784393596,0.25
2025-09-29,stage4_1_tree,600051,消费服务,0.0032330017508973,0.0,-0.01960225849013989,0.01960225849013989,0.25
2025-09-29,stage4_1_tree,600548,周期公用,0.0032330017508973,0.00694444444444442,-0.01960225849013989,0.02654670293458431,0.25
2025-09-29,stage4_1_tree,601222,周期公用,0.0032330017508973,0.0,-0.01960225849013989,0.01960225849013989,0.25
2025-09-29,stage4_1_tree,605589,工业制造,0.0032330017508973,-0.06021840873634965,-0.01960225849013989,-0.04061615024620976,0.25
2025-10-14,stage4_1_tree,600025,周期公用,0.0068243253785692,0.020408163265306145,-0.00046216503741426445,0.020870328302720408,0.25
2025-10-14,stage4_1_tree,600548,周期公用,0.0068243253785692,-0.0049261083743843415,-0.00046216503741426445,-0.004463943336970077,0.25
2025-10-14,stage4_1_tree,688147,TMT科技,0.0027460956640964,-0.01660407195097835,-0.00046216503741426445,-0.016141906913564086,0.25
2025-10-14,stage4_1_tree,600051,消费服务,0.0007494515236333,0.036111111111111205,-0.00046216503741426445,0.03657327614852547,0.25
2025-10-21,stage4_1_tree,600127,消费服务,0.0068243253785692,0.007363770250368162,0.03071313191316018,-0.023349361662792018,0.25
2025-10-21,stage4_1_tree,600153,消费服务,0.0068243253785692,0.010837438423645374,0.03071313191316018,-0.019875693489514807,0.25
2025-10-21,stage4_1_tree,605090,周期公用,0.0027460956640964,-0.027517387360145307,0.03071313191316018,-0.058230519273305484,0.25
2025-10-21,stage4_1_tree,688147,TMT科技,0.0027460956640964,0.11537688442211036,0.03071313191316018,0.08466375250895018,0.25
2025-10-28,stage4_1_tree,603335,工业制造,0.0068243253785692,0.037953795379537913,-0.015585745410165809,0.05353954078970372,0.25
2025-10-28,stage4_1_tree,688147,TMT科技,0.0027460956640964,-0.09587313029374667,-0.015585745410165809,-0.08028738488358086,0.25
2025-10-28,stage4_1_tree,600051,消费服务,0.0007494515236333,0.019710906701708275,-0.015585745410165809,0.035296652111874084,0.25
2025-10-28,stage4_1_tree,600127,消费服务,0.0007494515236333,-0.0014619883040934978,-0.015585745410165809,0.014123757106072311,0.25
2025-11-04,stage4_1_tree,600025,周期公用,0.0007494515236333,-0.006091370558375719,0.015333413148671812,-0.02142478370704753,0.25
2025-11-04,stage4_1_tree,600127,消费服务,0.0007494515236333,0.017569546120058677,0.015333413148671812,0.002236132971386865,0.25
2025-11-04,stage4_1_tree,600153,消费服务,0.0007494515236333,0.025515210991167825,0.015333413148671812,0.010181797842496013,0.25
2025-11-04,stage4_1_tree,600548,周期公用,0.0007494515236333,0.0009661835748790981,0.015333413148671812,-0.014367229573792713,0.25
2025-11-11,stage4_1_tree,688031,TMT科技,0.0024487812438561,0.05971277399848818,0.0008996226462769476,0.05881315135221123,0.25
2025-11-11,stage4_1_tree,600127,消费服务,0.0023863012650744,0.005755395683453068,0.0008996226462769476,0.0048557730371761205,0.25
2025-11-11,stage4_1_tree,600548,周期公用,0.0023863012650744,-0.03281853281853275,0.0008996226462769476,-0.0337181554648097,0.25
2025-11-11,stage4_1_tree,600865,消费服务,0.0023863012650744,-0.0010493179433369582,0.0008996226462769476,-0.0019489405896139058,0.25
2025-11-18,stage4_1_tree,600025,周期公用,0.0023863012650744,0.0010593220338983578,-0.03430405656540343,0.03536337859930179,0.25
2025-11-18,stage4_1_tree,600127,消费服务,0.0023863012650744,0.02145922746781137,-0.03430405656540343,0.0557632840332148,0.25
2025-11-18,stage4_1_tree,600153,消费服务,0.0023863012650744,-0.039690222652468576,-0.03430405656540343,-0.0053861660870651445,0.25
2025-11-18,stage4_1_tree,600548,周期公用,0.0023863012650744,0.0029940119760478723,-0.03430405656540343,0.037298068541451304,0.25
2025-11-25,stage4_1_tree,600127,消费服务,0.0024487812438561,0.008403361344537785,0.009827282518977938,-0.0014239211744401532,0.25
2025-11-25,stage4_1_tree,600153,消费服务,0.0023863012650744,-0.0493951612903224,0.009827282518977938,-0.059222443809300335,0.25
2025-11-25,stage4_1_tree,600865,消费服务,0.0023863012650744,0.060572687224669464,0.009827282518977938,0.05074540470569153,0.25
2025-11-25,stage4_1_tree,600967,工业制造,0.0023863012650744,-0.029977375565610753,0.009827282518977938,-0.03980465808458869,0.25
2025-12-02,stage4_1_tree,688147,TMT科技,0.0024487812438561,0.09146919431279588,0.0014157565538840575,0.09005343775891182,0.25
2025-12-02,stage4_1_tree,600025,周期公用,0.0023863012650744,-0.014721345951629772,0.0014157565538840575,-0.01613710250551383,0.25
2025-12-02,stage4_1_tree,600153,消费服务,0.0023863012650744,0.0042417815482502785,0.0014157565538840575,0.002826024994366221,0.25
2025-12-02,stage4_1_tree,600548,周期公用,0.0023863012650744,-0.043887147335423204,0.0014157565538840575,-0.045302903889307265,0.25
2025-12-09,stage4_1_tree,688031,TMT科技,0.0066159786272497,0.23583522197040407,0.01126997642804666,0.2245652455423574,0.25
2025-12-09,stage4_1_tree,600865,消费服务,0.0054446960392466,0.47185261003070633,0.01126997642804666,0.46058263360265966,0.25
2025-12-09,stage4_1_tree,603341,TMT科技,0.0054446960392466,-0.06799557032115178,0.01126997642804666,-0.07926554674919843,0.25
2025-12-09,stage4_1_tree,600025,周期公用,0.0009381456640166,0.005336179295624133,0.01126997642804666,-0.005933797132422527,0.25
2025-12-16,stage4_1_tree,688031,TMT科技,0.0066159786272497,0.04250269687162889,0.029036466740395925,0.013466230131232961,0.25
2025-12-16,stage4_1_tree,605090,周期公用,0.0054446960392466,-0.007839956745066212,0.029036466740395925,-0.036876423485462134,0.25
2025-12-16,stage4_1_tree,600025,周期公用,0.0009381456640166,-0.019108280254777066,0.029036466740395925,-0.04814474699517299,0.25
2025-12-16,stage4_1_tree,600051,消费服务,0.0009381456640166,0.030344827586206824,0.029036466740395925,0.0013083608458108985,0.25
2025-12-23,stage4_1_tree,600025,周期公用,0.0009381456640166,-0.02056277056277067,0.004519925801945642,-0.025082696364716314,0.25
2025-12-23,stage4_1_tree,600051,消费服务,0.0009381456640166,0.0053547523427042165,0.004519925801945642,0.0008348265407585745,0.25
2025-12-23,stage4_1_tree,600127,消费服务,0.0009381456640166,-0.014641288433382194,0.004519925801945642,-0.019161214235327836,0.25
2025-12-23,stage4_1_tree,600153,消费服务,0.0009381456640166,-0.003278688524590123,0.004519925801945642,-0.007798614326535765,0.25
2025-12-30,stage4_1_tree,605589,工业制造,0.0054446960392466,0.03144654088050314,0.06254314695824117,-0.031096606077738037,0.25
2025-12-30,stage4_1_tree,600865,消费服务,0.0019197632736484,-0.0057870370370370905,0.06254314695824117,-0.06833018399527827,0.25
2025-12-30,stage4_1_tree,605090,周期公用,0.0019197632736484,0.04622243078366983,0.06254314695824117,-0.016320716174571342,0.25
2025-12-30,stage4_1_tree,688031,TMT科技,0.0019197632736484,0.43346319458683635,0.06254314695824117,0.3709200476285952,0.25
2026-01-08,stage4_1_tree,600865,消费服务,0.0078955119370185,-0.16065192083818391,0.025157219244607332,-0.18580914008279126,0.25
2026-01-08,stage4_1_tree,600025,周期公用,0.0008751776647194,0.004385964912280604,0.025157219244607332,-0.020771254332326728,0.25
2026-01-08,stage4_1_tree,600051,消费服务,0.0008751776647194,0.007905138339920903,0.025157219244607332,-0.01725208090468643,0.25
2026-01-08,stage4_1_tree,600127,消费服务,0.0008751776647194,-0.002954209748892267,0.025157219244607332,-0.0281114289934996,0.25
2026-01-15,stage4_1_tree,600865,消费服务,0.0078955119370185,-0.03328710124826628,0.03345424532414895,-0.06674134657241523,0.25
2026-01-15,stage4_1_tree,688031,TMT科技,0.0078955119370185,0.18473193473193472,0.03345424532414895,0.15127768940778577,0.25
2026-01-15,stage4_1_tree,688147,TMT科技,0.0078955119370185,-0.007710715235309751,0.03345424532414895,-0.0411649605594587,0.25
2026-01-15,stage4_1_tree,600025,周期公用,0.0008751776647194,0.0010917030567685337,0.03345424532414895,-0.03236254226738042,0.25
2026-01-22,stage4_1_tree,688147,TMT科技,0.0078955119370185,-0.04608788853161838,-0.01342748981093093,-0.03266039872068745,0.25
2026-01-22,stage4_1_tree,600025,周期公用,0.0008751776647194,-0.016357688113413316,-0.01342748981093093,-0.002930198302482385,0.25
2026-01-22,stage4_1_tree,600051,消费服务,0.0008751776647194,-0.01749999999999996,-0.01342748981093093,-0.004072510189069029,0.25
2026-01-22,stage4_1_tree,600127,消费服务,0.0008751776647194,0.03768115942028971,-0.01342748981093093,0.051108649231220646,0.25
2026-01-29,stage4_1_tree,600127,消费服务,0.0133728927517175,-0.06843575418994419,-0.008972762814563228,-0.059462991375380955,0.25
2026-01-29,stage4_1_tree,600153,消费服务,0.0133728927517175,0.005291005291005568,-0.008972762814563228,0.014263768105568796,0.25
2026-01-29,stage4_1_tree,688031,TMT科技,0.0078955119370185,-0.10434358223523665,-0.008972762814563228,-0.09537081942067342,0.25
2026-01-29,stage4_1_tree,688147,TMT科技,0.0078955119370185,0.007443820224719122,-0.008972762814563228,0.01641658303928235,0.25
2026-02-05,stage4_1_tree,600865,消费服务,0.0135875218665159,-0.1793548387096774,0.0055828883027385255,-0.18493772701241593,0.25
2026-02-05,stage4_1_tree,688031,TMT科技,0.0096931868932979,0.03530950305143854,0.0055828883027385255,0.029726614748700014,0.25
2026-02-05,stage4_1_tree,600025,周期公用,0.0010013403474496,-0.007650273224043547,0.0055828883027385255,-0.013233161526782073,0.25
2026-02-05,stage4_1_tree,600051,消费服务,0.0010013403474496,-0.008695652173913215,0.0055828883027385255,-0.014278540476651742,0.25
2026-02-12,stage4_1_tree,688031,TMT科技,0.0096931868932979,0.18842105263157882,0.03624914327944338,0.15217190935213543,0.25
2026-02-12,stage4_1_tree,600025,周期公用,0.0010013403474496,0.0319383259911894,0.03624914327944338,-0.004310817288253985,0.25
2026-02-12,stage4_1_tree,600051,消费服务,0.0010013403474496,0.02506265664160412,0.03624914327944338,-0.011186486637839263,0.25
2026-02-12,stage4_1_tree,600127,消费服务,0.0010013403474496,0.0226928895612708,0.03624914327944338,-0.013556253718172581,0.25
2026-02-27,stage4_1_tree,605090,周期公用,0.0135875218665159,-0.05797101449275355,-0.01705633416684659,-0.040914680325906956,0.25
2026-02-27,stage4_1_tree,600025,周期公用,0.0010013403474496,0.09925293489861287,-0.01705633416684659,0.11630926906545946,0.25
2026-02-27,stage4_1_tree,600051,消费服务,0.0010013403474496,-0.0012224938875304847,-0.01705633416684659,0.015833840279316107,0.25
2026-02-27,stage4_1_tree,600127,消费服务,0.0010013403474496,0.05177514792899407,-0.01705633416684659,0.06883148209584067,0.25
2026-03-06,stage4_1_tree,600025,周期公用,0.0010013403474496,0.01844660194174752,-0.012323733861482222,0.030770335803229742,0.25
2026-03-06,stage4_1_tree,600051,消费服务,0.0010013403474496,0.00489596083231314,-0.012323733861482222,0.017219694693795362,0.25
2026-03-06,stage4_1_tree,600127,消费服务,0.0010013403474496,0.03375527426160341,-0.012323733861482222,0.04607900812308563,0.25
2026-03-06,stage4_1_tree,600153,消费服务,0.0010013403474496,0.008537886872998834,-0.012323733861482222,0.020861620734481057,0.25
2026-03-13,stage4_1_tree,688031,TMT科技,0.0084142861802569,-0.3126366618075801,-0.06924494213015306,-0.24339171967742704,0.25
2026-03-13,stage4_1_tree,600051,消费服务,0.0008972909365916,-0.08526187576126665,-0.06924494213015306,-0.01601693363111359,0.25
2026-03-13,stage4_1_tree,600127,消费服务,0.0008972909365916,-0.04625850340136062,-0.06924494213015306,0.02298643872879244,0.25
2026-03-13,stage4_1_tree,600548,周期公用,0.0008972909365916,0.01758241758241752,-0.06924494213015306,0.08682735971257058,0.25
2026-03-20,stage4_1_tree,600051,消费服务,0.0008972909365916,0.02130492676431417,-0.0067851699273019485,0.028090096691616117,0.25
2026-03-20,stage4_1_tree,600127,消费服务,0.0008972909365916,-0.025677603423680417,-0.0067851699273019485,-0.01889243349637847,0.25
2026-03-20,stage4_1_tree,600153,消费服务,0.0008972909365916,-0.005494505494505364,-0.0067851699273019485,0.0012906644327965846,0.25
2026-03-20,stage4_1_tree,600865,消费服务,0.0008972909365916,-0.003568242640499597,-0.0067851699273019485,0.0032169272868023515,0.25
