date,hist_count,hist_start,hist_end,ic_lstm_mean,ic_anchor_mean,selected_model,selection_reason
2024-05-17,0,,,,,anchor,warmup_no_history
2024-05-20,0,,,,,anchor,warmup_no_history
2024-05-21,0,,,,,anchor,warmup_no_history
2024-05-22,0,,,,,anchor,warmup_no_history
2024-05-23,0,,,,,anchor,warmup_no_history
2024-05-24,0,,,,,anchor,warmup_no_history
2024-05-27,0,,,,,anchor,warmup_no_history
2024-05-28,0,,,,,anchor,warmup_no_history
2024-05-29,1,2024-05-17,2024-05-17,0.33746130030959753,0.4153999336221431,anchor,anchor_ic_ge_lstm
2024-05-30,2,2024-05-17,2024-05-20,0.08565531475748195,0.16776542710368886,anchor,anchor_ic_ge_lstm
2024-05-31,3,2024-05-17,2024-05-21,0.046439628482972145,0.14098790774401151,anchor,anchor_ic_ge_lstm
2024-06-03,4,2024-05-17,2024-05-22,0.06553147574819403,0.11102790591140511,anchor,anchor_ic_ge_lstm
2024-06-04,5,2024-05-17,2024-05-23,0.10794633642930858,0.08646258246638075,lstm,lstm_ic_gt_anchor
2024-06-05,6,2024-05-17,2024-05-24,0.07671138630890954,0.03522245049767486,lstm,lstm_ic_gt_anchor
2024-06-06,7,2024-05-17,2024-05-27,0.06560518944419874,-0.012698084895327224,lstm,lstm_ic_gt_anchor
2024-06-07,8,2024-05-17,2024-05-28,0.06037151702786378,-0.07330019572091259,lstm,lstm_ic_gt_anchor
2024-06-11,8,2024-05-20,2024-05-29,0.0069659442724458245,-0.17370574059061067,lstm,lstm_ic_gt_anchor
2024-06-12,8,2024-05-21,2024-05-30,0.031475748194014455,-0.17520793504018337,lstm,lstm_ic_gt_anchor
2024-06-13,8,2024-05-22,2024-05-31,0.07249742002063983,-0.20774005971754186,lstm,lstm_ic_gt_anchor
2024-06-14,8,2024-05-23,2024-06-03,0.09184726522187824,-0.18039620365809297,lstm,lstm_ic_gt_anchor
2024-06-17,8,2024-05-24,2024-06-04,0.10190918472652218,-0.15664415258108294,lstm,lstm_ic_gt_anchor
2024-06-18,8,2024-05-27,2024-06-05,0.12512899896800825,-0.1550797200817934,lstm,lstm_ic_gt_anchor
2024-06-19,8,2024-05-28,2024-06-06,0.15118679050567596,-0.12071058443045227,lstm,lstm_ic_gt_anchor
2024-06-20,8,2024-05-29,2024-06-07,0.18137254901960786,-0.09452688363041928,lstm,lstm_ic_gt_anchor
2024-06-21,8,2024-05-30,2024-06-11,0.17930856553147573,-0.07921594283858449,lstm,lstm_ic_gt_anchor
2024-06-24,8,2024-05-31,2024-06-12,0.15841073271413827,-0.0724858155326564,lstm,lstm_ic_gt_anchor
2024-06-25,8,2024-06-03,2024-06-13,0.12383900928792568,-0.08516882539144657,lstm,lstm_ic_gt_anchor
2024-06-26,8,2024-06-04,2024-06-14,0.07146542827657379,-0.12577044496262424,lstm,lstm_ic_gt_anchor
2024-06-27,8,2024-06-05,2024-06-17,0.04540763673890609,-0.18695978054731677,lstm,lstm_ic_gt_anchor
2024-06-28,8,2024-06-06,2024-06-18,0.07765737874097008,-0.11999400743470462,lstm,lstm_ic_gt_anchor
2024-07-01,8,2024-06-07,2024-06-19,0.09004127966976265,-0.1430499640767616,lstm,lstm_ic_gt_anchor
2024-07-02,8,2024-06-11,2024-06-20,0.11016511867905057,-0.08653029628955333,lstm,lstm_ic_gt_anchor
2024-07-03,8,2024-06-12,2024-06-21,0.13261093911248711,-0.05184204114012482,lstm,lstm_ic_gt_anchor
2024-07-04,8,2024-06-13,2024-06-24,0.19143446852425178,-0.010967470638623036,lstm,lstm_ic_gt_anchor
2024-07-05,8,2024-06-14,2024-06-25,0.19427244582043346,0.025723896825308352,lstm,lstm_ic_gt_anchor
2024-07-08,8,2024-06-17,2024-06-26,0.28740970072239425,0.07811191048332722,lstm,lstm_ic_gt_anchor
2024-07-09,8,2024-06-18,2024-06-27,0.3199174406604748,0.10497729828891365,lstm,lstm_ic_gt_anchor
2024-07-10,8,2024-06-19,2024-06-28,0.3184597523219814,0.03624388897073106,lstm,lstm_ic_gt_anchor
2024-07-11,8,2024-06-20,2024-07-01,0.2880417956656347,0.06291003390309628,lstm,lstm_ic_gt_anchor
2024-07-12,8,2024-06-21,2024-07-02,0.20340557275541798,-0.01945088005274695,lstm,lstm_ic_gt_anchor
2024-07-15,8,2024-06-24,2024-07-03,0.16836945304437567,-0.03054509282438199,lstm,lstm_ic_gt_anchor
2024-07-16,8,2024-06-25,2024-07-04,0.12231682146542831,-0.033987954969429864,lstm,lstm_ic_gt_anchor
2024-07-17,8,2024-06-26,2024-07-05,0.10211558307533541,-0.011741131697834233,lstm,lstm_ic_gt_anchor
2024-07-18,8,2024-06-27,2024-07-08,0.005598555211558318,-0.06669783969053704,lstm,lstm_ic_gt_anchor
2024-07-19,8,2024-06-28,2024-07-09,-0.0763157894736842,-0.06256993174444878,anchor,anchor_ic_ge_lstm
2024-07-22,8,2024-07-01,2024-07-10,-0.09495614035087718,-0.04440537932823243,anchor,anchor_ic_ge_lstm
2024-07-23,8,2024-07-02,2024-07-11,-0.07456140350877191,-0.05991088725759927,anchor,anchor_ic_ge_lstm
2024-07-24,8,2024-07-03,2024-07-12,-0.05504385964912281,-0.002236024547581039,anchor,anchor_ic_ge_lstm
2024-07-25,8,2024-07-04,2024-07-15,0.006140350877192974,0.024878627667906248,anchor,anchor_ic_ge_lstm
2024-07-26,8,2024-07-05,2024-07-16,0.06140350877192981,-0.043971546218743544,lstm,lstm_ic_gt_anchor
2024-07-29,8,2024-07-08,2024-07-17,0.09846491228070176,-0.09213571494815545,lstm,lstm_ic_gt_anchor
2024-07-30,8,2024-07-09,2024-07-18,0.1276315789473684,-0.06657814682133542,lstm,lstm_ic_gt_anchor
2024-07-31,8,2024-07-10,2024-07-19,0.13355263157894737,-0.03732469441434057,lstm,lstm_ic_gt_anchor
2024-08-01,8,2024-07-11,2024-07-22,0.08399122807017542,0.012213937653638554,lstm,lstm_ic_gt_anchor
2024-08-02,8,2024-07-12,2024-07-23,0.023026315789473673,0.0696959621363321,anchor,anchor_ic_ge_lstm
2024-08-05,8,2024-07-15,2024-07-24,0.035745614035087706,0.05224850013437838,anchor,anchor_ic_ge_lstm
2024-08-06,8,2024-07-16,2024-07-25,0.004166666666666673,0.011802176159103138,anchor,anchor_ic_ge_lstm
2024-08-07,8,2024-07-17,2024-07-26,-0.02302631578947368,0.013733436436925067,anchor,anchor_ic_ge_lstm
2024-08-08,8,2024-07-18,2024-07-29,-0.016885964912280713,0.05400855117933316,anchor,anchor_ic_ge_lstm
2024-08-09,8,2024-07-19,2024-07-30,-0.005921052631578952,0.05342987756484265,anchor,anchor_ic_ge_lstm
2024-08-12,8,2024-07-22,2024-07-31,0.047807017543859645,0.05274927922269172,anchor,anchor_ic_ge_lstm
2024-08-13,8,2024-07-23,2024-08-01,0.07807017543859648,0.044075523278457276,lstm,lstm_ic_gt_anchor
2024-08-14,8,2024-07-24,2024-08-02,0.12236842105263157,-0.011185571330183074,lstm,lstm_ic_gt_anchor
2024-08-15,8,2024-07-25,2024-08-05,0.13201754385964912,0.018014373151763907,lstm,lstm_ic_gt_anchor
2024-08-16,8,2024-07-26,2024-08-06,0.14539473684210524,0.07311848519423962,lstm,lstm_ic_gt_anchor
2024-08-19,8,2024-07-29,2024-08-07,0.15942982456140348,0.1385879169304611,lstm,lstm_ic_gt_anchor
2024-08-20,8,2024-07-30,2024-08-08,0.17456140350877192,0.13946191051565446,lstm,lstm_ic_gt_anchor
2024-08-21,8,2024-07-31,2024-08-09,0.16469298245614034,0.15929680285434134,lstm,lstm_ic_gt_anchor
2024-08-22,8,2024-08-01,2024-08-12,0.15657894736842104,0.17948618698262497,anchor,anchor_ic_ge_lstm
2024-08-23,8,2024-08-02,2024-08-13,0.15921052631578947,0.17622628308901242,anchor,anchor_ic_ge_lstm
2024-08-26,8,2024-08-05,2024-08-14,0.16469298245614034,0.21562894684731904,anchor,anchor_ic_ge_lstm
2024-08-27,8,2024-08-06,2024-08-15,0.17039473684210527,0.26214674492444356,anchor,anchor_ic_ge_lstm
2024-08-28,8,2024-08-07,2024-08-16,0.16228070175438597,0.29777760995941993,anchor,anchor_ic_ge_lstm
2024-08-29,8,2024-08-08,2024-08-19,0.11929824561403508,0.26620568853686444,anchor,anchor_ic_ge_lstm
2024-08-30,8,2024-08-09,2024-08-20,0.07017543859649122,0.20670762740844462,anchor,anchor_ic_ge_lstm
2024-09-02,8,2024-08-12,2024-08-21,0.03070175438596491,0.12403763627183188,anchor,anchor_ic_ge_lstm
2024-09-03,8,2024-08-13,2024-08-22,-0.00548245614035088,0.06469665597018827,anchor,anchor_ic_ge_lstm
2024-09-04,8,2024-08-14,2024-08-23,-0.033552631578947376,0.015180628075081193,anchor,anchor_ic_ge_lstm
2024-09-05,8,2024-08-15,2024-08-26,-0.1125,-0.03956560827319604,anchor,anchor_ic_ge_lstm
2024-09-06,8,2024-08-16,2024-08-27,-0.181140350877193,-0.12252407769530507,anchor,anchor_ic_ge_lstm
2024-09-09,8,2024-08-19,2024-08-28,-0.2326754385964912,-0.2110556202161558,anchor,anchor_ic_ge_lstm
2024-09-10,8,2024-08-20,2024-08-29,-0.2839912280701754,-0.2068960725203509,anchor,anchor_ic_ge_lstm
2024-09-11,8,2024-08-21,2024-08-30,-0.28662280701754383,-0.16805495684646937,anchor,anchor_ic_ge_lstm
2024-09-12,8,2024-08-22,2024-09-02,-0.2648063370794357,-0.09491242794660158,anchor,anchor_ic_ge_lstm
2024-09-13,8,2024-08-23,2024-09-03,-0.2825694949741725,-0.05651563805564361,anchor,anchor_ic_ge_lstm
2024-09-18,8,2024-08-26,2024-09-04,-0.26042037216715497,-0.024050396881371047,anchor,anchor_ic_ge_lstm
2024-09-19,8,2024-08-27,2024-09-05,-0.2424379160268041,0.003190441350619813,anchor,anchor_ic_ge_lstm
2024-09-20,8,2024-08-28,2024-09-06,-0.2174379160268041,-0.00343950312205632,anchor,anchor_ic_ge_lstm
2024-09-23,8,2024-08-29,2024-09-09,-0.20318353006189183,0.0039850819660875725,anchor,anchor_ic_ge_lstm
2024-09-24,8,2024-08-30,2024-09-10,-0.13914844234259358,0.05714673897518193,anchor,anchor_ic_ge_lstm
2024-09-25,8,2024-09-02,2024-09-11,-0.11327124936013744,0.12736047963613684,anchor,anchor_ic_ge_lstm
2024-09-26,8,2024-09-03,2024-09-12,-0.07960526315789475,0.14752684118402715,anchor,anchor_ic_ge_lstm
2024-09-27,8,2024-09-04,2024-09-13,-0.04649122807017543,0.1643744706727478,anchor,anchor_ic_ge_lstm
2024-10-08,8,2024-09-05,2024-09-18,-0.04144736842105262,0.12375678675773952,anchor,anchor_ic_ge_lstm
2024-10-09,8,2024-09-06,2024-09-19,0.006140350877192988,0.10971075090032881,anchor,anchor_ic_ge_lstm
2024-10-10,8,2024-09-09,2024-09-20,0.014035087719298251,0.1211392203272092,anchor,anchor_ic_ge_lstm
2024-10-11,8,2024-09-10,2024-09-23,-0.002850877192982458,0.05944714583757074,anchor,anchor_ic_ge_lstm
2024-10-14,8,2024-09-11,2024-09-24,-0.02675438596491228,-0.03177383135357775,lstm,lstm_ic_gt_anchor
2024-10-15,8,2024-09-12,2024-09-25,-0.07653508771929826,-0.16952264740500847,lstm,lstm_ic_gt_anchor
2024-10-16,8,2024-09-13,2024-09-26,-0.1513157894736842,-0.281593402580934,lstm,lstm_ic_gt_anchor
2024-10-17,8,2024-09-18,2024-09-27,-0.17785087719298245,-0.3597508014430606,lstm,lstm_ic_gt_anchor
2024-10-18,8,2024-09-19,2024-10-08,-0.09407894736842105,-0.24531074454409973,lstm,lstm_ic_gt_anchor
2024-10-21,8,2024-09-20,2024-10-09,-0.02565789473684213,-0.19037556878612039,lstm,lstm_ic_gt_anchor
2024-10-22,8,2024-09-23,2024-10-10,0.050657894736842096,-0.12418134279111984,lstm,lstm_ic_gt_anchor
2024-10-23,8,2024-09-24,2024-10-11,0.11754385964912278,-0.08447067453214274,lstm,lstm_ic_gt_anchor
2024-10-24,8,2024-09-25,2024-10-14,0.11469298245614035,-0.1046363394520664,lstm,lstm_ic_gt_anchor
2024-10-25,8,2024-09-26,2024-10-15,0.17609649122807014,-0.06400579163518601,lstm,lstm_ic_gt_anchor
2024-10-28,8,2024-09-27,2024-10-16,0.24583333333333335,-0.0364453952393102,lstm,lstm_ic_gt_anchor
2024-10-29,8,2024-10-08,2024-10-17,0.25899122807017544,-0.06269880940967149,lstm,lstm_ic_gt_anchor
2024-10-30,8,2024-10-09,2024-10-18,0.10438596491228071,-0.20067860020383374,lstm,lstm_ic_gt_anchor
2024-10-31,8,2024-10-10,2024-10-21,-0.0035087719298245446,-0.2659485238224561,lstm,lstm_ic_gt_anchor
2024-11-01,8,2024-10-11,2024-10-22,-0.0945175438596491,-0.33219856877118736,lstm,lstm_ic_gt_anchor
2024-11-04,8,2024-10-14,2024-10-23,-0.13267543859649122,-0.27781000791721067,lstm,lstm_ic_gt_anchor
2024-11-05,8,2024-10-15,2024-10-24,-0.17456140350877192,-0.22309065846133994,lstm,lstm_ic_gt_anchor
2024-11-06,8,2024-10-16,2024-10-25,-0.17609649122807014,-0.10431395819499244,anchor,anchor_ic_ge_lstm
2024-11-07,8,2024-10-17,2024-10-28,-0.14013157894736838,-0.01722800761792656,anchor,anchor_ic_ge_lstm
2024-11-08,8,2024-10-18,2024-10-29,-0.12214912280701753,0.045085347083043514,anchor,anchor_ic_ge_lstm
2024-11-11,8,2024-10-21,2024-10-30,-0.029166666666666646,0.1476534665396775,anchor,anchor_ic_ge_lstm
2024-11-12,8,2024-10-22,2024-10-31,0.04100877192982458,0.24607085847210985,anchor,anchor_ic_ge_lstm
2024-11-13,8,2024-10-23,2024-11-01,0.06951754385964912,0.2788423351656347,anchor,anchor_ic_ge_lstm
2024-11-14,8,2024-10-24,2024-11-04,0.08574561403508771,0.23039078278722738,anchor,anchor_ic_ge_lstm
2024-11-15,8,2024-10-25,2024-11-05,0.13355263157894737,0.19254106937735865,anchor,anchor_ic_ge_lstm
2024-11-18,8,2024-10-28,2024-11-06,0.09035087719298246,0.12971311657426554,anchor,anchor_ic_ge_lstm
2024-11-19,8,2024-10-29,2024-11-07,0.021929824561403494,0.14461608700435286,anchor,anchor_ic_ge_lstm
2024-11-20,8,2024-10-30,2024-11-08,0.012280701754385961,0.14836672645404575,anchor,anchor_ic_ge_lstm
2024-11-21,8,2024-10-31,2024-11-11,0.07368421052631578,0.14821878653440046,anchor,anchor_ic_ge_lstm
2024-11-22,8,2024-11-01,2024-11-12,0.1081140350877193,0.08885884888621415,lstm,lstm_ic_gt_anchor
2024-11-25,8,2024-11-04,2024-11-13,0.20416666666666666,0.11264504900663973,lstm,lstm_ic_gt_anchor
2024-11-26,8,2024-11-05,2024-11-14,0.22302631578947368,0.17353499845618747,lstm,lstm_ic_gt_anchor
2024-11-27,8,2024-11-06,2024-11-15,0.24912280701754386,0.22770129057387317,lstm,lstm_ic_gt_anchor
2024-11-28,8,2024-11-07,2024-11-18,0.2030701754385965,0.21245785386377763,anchor,anchor_ic_ge_lstm
2024-11-29,8,2024-11-08,2024-11-19,0.2421052631578947,0.12526493861347737,lstm,lstm_ic_gt_anchor
2024-12-02,8,2024-11-11,2024-11-20,0.26973684210526316,0.12992633905367543,lstm,lstm_ic_gt_anchor
2024-12-03,8,2024-11-12,2024-11-21,0.22521929824561404,0.10605402389384197,lstm,lstm_ic_gt_anchor
2024-12-04,8,2024-11-13,2024-11-22,0.15241228070175442,0.07847778298255627,lstm,lstm_ic_gt_anchor
2024-12-05,8,2024-11-14,2024-11-25,0.030701754385964924,0.05049950686983029,anchor,anchor_ic_ge_lstm
2024-12-06,8,2024-11-15,2024-11-26,-0.05526315789473685,-0.03872244245163689,anchor,anchor_ic_ge_lstm
2024-12-09,8,2024-11-18,2024-11-27,-0.07499999999999998,-0.07663907693085581,lstm,lstm_ic_gt_anchor
2024-12-10,8,2024-11-19,2024-11-28,-0.03267543859649122,-0.10377732769240927,lstm,lstm_ic_gt_anchor
2024-12-11,8,2024-11-20,2024-11-29,-0.07412280701754384,-0.09324143271657713,lstm,lstm_ic_gt_anchor
2024-12-12,8,2024-11-21,2024-12-02,-0.06206140350877193,-0.08680903583944177,lstm,lstm_ic_gt_anchor
2024-12-13,8,2024-11-22,2024-12-03,-0.10789473684210524,-0.11192012540218033,lstm,lstm_ic_gt_anchor
2024-12-16,8,2024-11-25,2024-12-04,-0.1324561403508772,-0.1213879368818769,anchor,anchor_ic_ge_lstm
2024-12-17,8,2024-11-26,2024-12-05,-0.07719298245614034,-0.06661491284658944,anchor,anchor_ic_ge_lstm
2024-12-18,8,2024-11-27,2024-12-06,0.031359649122807025,0.05767995564066448,anchor,anchor_ic_ge_lstm
2024-12-19,8,2024-11-28,2024-12-09,0.06206140350877194,0.10313760410070916,anchor,anchor_ic_ge_lstm
2024-12-20,8,2024-11-29,2024-12-10,0.16030701754385968,0.16057729585112915,anchor,anchor_ic_ge_lstm
2024-12-23,8,2024-12-02,2024-12-11,0.27302631578947373,0.23164383239997266,lstm,lstm_ic_gt_anchor
2024-12-24,8,2024-12-03,2024-12-12,0.3103070175438597,0.2649585380551473,lstm,lstm_ic_gt_anchor
2024-12-25,8,2024-12-04,2024-12-13,0.3368421052631579,0.23302475284163796,lstm,lstm_ic_gt_anchor
2024-12-26,8,2024-12-05,2024-12-16,0.39013157894736844,0.2578551883390351,lstm,lstm_ic_gt_anchor
2024-12-27,8,2024-12-06,2024-12-17,0.36907894736842106,0.18843601230584445,lstm,lstm_ic_gt_anchor
2024-12-30,8,2024-12-09,2024-12-18,0.31052631578947376,0.12151344355922737,lstm,lstm_ic_gt_anchor
2024-12-31,8,2024-12-10,2024-12-19,0.29583333333333334,0.12298779571417225,lstm,lstm_ic_gt_anchor
2025-01-02,8,2024-12-11,2024-12-20,0.24714912280701753,0.12389830045897399,lstm,lstm_ic_gt_anchor
2025-01-03,8,2024-12-12,2024-12-23,0.16973684210526316,0.10662615085332255,lstm,lstm_ic_gt_anchor
2025-01-06,8,2024-12-13,2024-12-24,0.13793859649122808,0.06688422495006159,lstm,lstm_ic_gt_anchor
2025-01-07,8,2024-12-16,2024-12-25,0.11293859649122807,0.1060225240610177,lstm,lstm_ic_gt_anchor
2025-01-08,8,2024-12-17,2024-12-26,0.12653508771929825,0.1328271208886414,anchor,anchor_ic_ge_lstm
2025-01-09,8,2024-12-18,2024-12-27,0.1907894736842105,0.2003837088865596,anchor,anchor_ic_ge_lstm
2025-01-10,8,2024-12-19,2024-12-30,0.2896929824561404,0.262156899878189,lstm,lstm_ic_gt_anchor
2025-01-13,8,2024-12-20,2024-12-31,0.35372807017543856,0.26465269399303176,lstm,lstm_ic_gt_anchor
2025-01-14,8,2024-12-23,2025-01-02,0.39210526315789473,0.259861178059399,lstm,lstm_ic_gt_anchor
2025-01-15,8,2024-12-24,2025-01-03,0.424780701754386,0.298362740038399,lstm,lstm_ic_gt_anchor
2025-01-16,8,2024-12-25,2025-01-06,0.3846491228070176,0.3214745015182677,lstm,lstm_ic_gt_anchor
2025-01-17,8,2024-12-26,2025-01-07,0.3345186362593866,0.36123911798880654,anchor,anchor_ic_ge_lstm
2025-01-20,8,2024-12-27,2025-01-08,0.23627302222429894,0.2919973159584828,anchor,anchor_ic_ge_lstm
2025-01-21,8,2024-12-30,2025-01-09,0.13605372397868487,0.19556115462500756,anchor,anchor_ic_ge_lstm
2025-01-22,8,2024-12-31,2025-01-10,0.08320284678570242,0.10928027066154172,anchor,anchor_ic_ge_lstm
2025-01-23,8,2025-01-02,2025-01-13,0.03232565380324628,0.03375119416680361,anchor,anchor_ic_ge_lstm
2025-01-24,8,2025-01-03,2025-01-14,-0.02425329356517477,-0.004780899079588494,anchor,anchor_ic_ge_lstm
2025-01-27,8,2025-01-06,2025-01-15,-0.05605153917920988,-0.02724700587493234,anchor,anchor_ic_ge_lstm
2025-02-05,8,2025-01-07,2025-01-16,-0.04596381988096425,-0.052758721276128025,lstm,lstm_ic_gt_anchor
2025-02-06,8,2025-01-08,2025-01-17,-0.026973684210526334,-0.15374764112668193,lstm,lstm_ic_gt_anchor
2025-02-07,8,2025-01-09,2025-01-20,0.06885964912280701,-0.14088475284902513,lstm,lstm_ic_gt_anchor
2025-02-10,8,2025-01-10,2025-01-21,0.1195175438596491,-0.1200872072129538,lstm,lstm_ic_gt_anchor
2025-02-11,8,2025-01-13,2025-01-22,0.11504321437512102,-0.059265265470133735,lstm,lstm_ic_gt_anchor
2025-02-12,8,2025-01-14,2025-01-23,0.09530637226985784,-0.011739112200918396,lstm,lstm_ic_gt_anchor
2025-02-13,8,2025-01-15,2025-01-24,0.07118356525231401,-0.007646550021906458,lstm,lstm_ic_gt_anchor
2025-02-14,8,2025-01-16,2025-01-27,0.04048181086634908,-0.06456794159836031,lstm,lstm_ic_gt_anchor
2025-02-17,8,2025-01-17,2025-02-05,-0.009079592642422842,-0.07385060820590658,lstm,lstm_ic_gt_anchor
2025-02-18,8,2025-01-20,2025-02-06,-0.00030766281786144545,-0.05709121289793038,lstm,lstm_ic_gt_anchor
2025-02-19,8,2025-01-21,2025-02-07,-0.06741292597575618,-0.0695590588340276,lstm,lstm_ic_gt_anchor
2025-02-20,8,2025-01-22,2025-02-10,-0.07267608387049303,-0.05160019223222506,anchor,anchor_ic_ge_lstm
2025-02-21,8,2025-01-23,2025-02-11,-0.08706140350877194,-0.1282144358598103,lstm,lstm_ic_gt_anchor
2025-02-24,8,2025-01-24,2025-02-12,-0.09342105263157895,-0.08203669815297085,anchor,anchor_ic_ge_lstm
2025-02-25,8,2025-01-27,2025-02-13,-0.1412280701754386,-0.08773299497484008,anchor,anchor_ic_ge_lstm
2025-02-26,8,2025-02-05,2025-02-14,-0.19210526315789472,-0.12498770154006703,anchor,anchor_ic_ge_lstm
2025-02-27,8,2025-02-06,2025-02-17,-0.16929824561403511,-0.13858477171552203,anchor,anchor_ic_ge_lstm
2025-02-28,8,2025-02-07,2025-02-18,-0.2100045861594524,-0.12704852534826194,anchor,anchor_ic_ge_lstm
2025-03-03,8,2025-02-10,2025-02-19,-0.20561862124717167,-0.09178673473944762,anchor,anchor_ic_ge_lstm
2025-03-04,8,2025-02-11,2025-02-20,-0.20145195458050502,-0.0542779134337724,anchor,anchor_ic_ge_lstm
2025-03-05,8,2025-02-12,2025-02-21,-0.12996072651032958,0.002921997421105247,anchor,anchor_ic_ge_lstm
2025-03-06,8,2025-02-13,2025-02-24,-0.08588177914190852,-0.04296409106106246,anchor,anchor_ic_ge_lstm
2025-03-07,8,2025-02-14,2025-02-25,0.015214712086161652,-0.07969060191295085,lstm,lstm_ic_gt_anchor
2025-03-10,8,2025-02-17,2025-02-26,0.12267085243703883,0.0035555220581204895,lstm,lstm_ic_gt_anchor
2025-03-11,8,2025-02-18,2025-02-27,0.12245155419142481,0.04295970556011201,lstm,lstm_ic_gt_anchor
2025-03-12,8,2025-02-19,2025-02-28,0.17478070175438598,0.12177539807144434,lstm,lstm_ic_gt_anchor
2025-03-13,8,2025-02-20,2025-03-03,0.17675438596491228,0.13226978725577987,lstm,lstm_ic_gt_anchor
2025-03-14,8,2025-02-21,2025-03-04,0.15460526315789472,0.12379344506075779,lstm,lstm_ic_gt_anchor
2025-03-17,8,2025-02-24,2025-03-05,0.06337719298245614,0.1294012052510607,anchor,anchor_ic_ge_lstm
2025-03-18,8,2025-02-25,2025-03-06,0.11228070175438597,0.10482061810547794,lstm,lstm_ic_gt_anchor
2025-03-19,8,2025-02-26,2025-03-07,0.11820175438596492,0.15467364633329295,anchor,anchor_ic_ge_lstm
2025-03-20,8,2025-02-27,2025-03-10,0.11754385964912281,0.12094902850820918,anchor,anchor_ic_ge_lstm
2025-03-21,8,2025-02-28,2025-03-11,0.14692982456140352,0.10229318797667658,lstm,lstm_ic_gt_anchor
2025-03-24,8,2025-03-03,2025-03-12,0.19210526315789472,0.125152267564266,lstm,lstm_ic_gt_anchor
2025-03-25,8,2025-03-04,2025-03-13,0.22609649122807018,0.1865500963358588,lstm,lstm_ic_gt_anchor
2025-03-26,8,2025-03-05,2025-03-14,0.2991228070175439,0.19044282909781893,lstm,lstm_ic_gt_anchor
2025-03-27,8,2025-03-06,2025-03-17,0.29692982456140354,0.1936205119578326,lstm,lstm_ic_gt_anchor
2025-03-28,8,2025-03-07,2025-03-18,0.2118421052631579,0.24061684528567207,anchor,anchor_ic_ge_lstm
2025-03-31,8,2025-03-10,2025-03-19,0.1986842105263158,0.25375318705735156,anchor,anchor_ic_ge_lstm
2025-04-01,8,2025-03-11,2025-03-20,0.16096491228070176,0.274873436846071,anchor,anchor_ic_ge_lstm
2025-04-02,8,2025-03-12,2025-03-21,0.14539473684210527,0.2710852075835476,anchor,anchor_ic_ge_lstm
2025-04-03,8,2025-03-13,2025-03-24,0.18662280701754386,0.2129527881554185,anchor,anchor_ic_ge_lstm
2025-04-07,8,2025-03-14,2025-03-25,0.20350877192982458,0.12369650596367927,lstm,lstm_ic_gt_anchor
2025-04-08,8,2025-03-17,2025-03-26,0.17105263157894737,0.09490356342873972,lstm,lstm_ic_gt_anchor
2025-04-09,8,2025-03-18,2025-03-27,0.2298245614035088,0.07729282434364407,lstm,lstm_ic_gt_anchor
2025-04-10,8,2025-03-19,2025-03-28,0.2690789473684211,0.027970744379248617,lstm,lstm_ic_gt_anchor
2025-04-11,8,2025-03-20,2025-03-31,0.29035087719298247,0.007307228996114317,lstm,lstm_ic_gt_anchor
2025-04-14,8,2025-03-21,2025-04-01,0.3361842105263158,0.011826890865475125,lstm,lstm_ic_gt_anchor
2025-04-15,8,2025-03-24,2025-04-02,0.38706140350877194,0.061677395451598616,lstm,lstm_ic_gt_anchor
2025-04-16,8,2025-03-25,2025-04-03,0.32324561403508767,0.07573558199590114,lstm,lstm_ic_gt_anchor
2025-04-17,8,2025-03-26,2025-04-07,0.2695175438596491,0.05234926170022847,lstm,lstm_ic_gt_anchor
2025-04-18,8,2025-03-27,2025-04-08,0.18289473684210528,0.05091974004974587,lstm,lstm_ic_gt_anchor
2025-04-21,8,2025-03-28,2025-04-09,0.11293859649122806,0.02038779152838123,lstm,lstm_ic_gt_anchor
2025-04-22,8,2025-03-31,2025-04-10,0.0594298245614035,0.08027645780165722,anchor,anchor_ic_ge_lstm
2025-04-23,8,2025-04-01,2025-04-11,0.004166666666666652,0.03854565336745575,anchor,anchor_ic_ge_lstm
2025-04-24,8,2025-04-02,2025-04-14,-0.05833333333333334,0.004384966958439856,anchor,anchor_ic_ge_lstm
2025-04-25,8,2025-04-03,2025-04-15,-0.10679824561403509,-0.03412118844719051,anchor,anchor_ic_ge_lstm
2025-04-28,8,2025-04-07,2025-04-16,-0.10745614035087718,-0.0603112351281337,anchor,anchor_ic_ge_lstm
2025-04-29,8,2025-04-08,2025-04-17,-0.042105263157894736,0.01310497730241722,anchor,anchor_ic_ge_lstm
2025-04-30,8,2025-04-09,2025-04-18,0.02916666666666666,0.08394578726453399,anchor,anchor_ic_ge_lstm
2025-05-06,8,2025-04-10,2025-04-21,0.10241228070175437,0.15778829941691308,anchor,anchor_ic_ge_lstm
2025-05-07,8,2025-04-11,2025-04-22,0.17149122807017542,0.11546495563372508,lstm,lstm_ic_gt_anchor
2025-05-08,8,2025-04-14,2025-04-23,0.16557017543859648,0.17519810793447446,anchor,anchor_ic_ge_lstm
2025-05-09,8,2025-04-15,2025-04-24,0.17785087719298243,0.16553617477900068,lstm,lstm_ic_gt_anchor
2025-05-12,8,2025-04-16,2025-04-25,0.17456140350877192,0.2043711469534881,anchor,anchor_ic_ge_lstm
2025-05-13,8,2025-04-17,2025-04-28,0.15021929824561403,0.20006741405206446,anchor,anchor_ic_ge_lstm
2025-05-14,8,2025-04-18,2025-04-29,0.09035087719298246,0.18556742826953865,anchor,anchor_ic_ge_lstm
2025-05-15,8,2025-04-21,2025-04-30,0.0469298245614035,0.14943448340962645,anchor,anchor_ic_ge_lstm
2025-05-16,8,2025-04-22,2025-05-06,0.002850877192982458,0.09453508859925466,anchor,anchor_ic_ge_lstm
2025-05-19,8,2025-04-23,2025-05-07,-0.016008771929824563,0.1458791308783347,anchor,anchor_ic_ge_lstm
2025-05-20,8,2025-04-24,2025-05-08,0.013377192982456147,0.14150279511220729,anchor,anchor_ic_ge_lstm
2025-05-21,8,2025-04-25,2025-05-09,0.014692982456140355,0.14391101510132043,anchor,anchor_ic_ge_lstm
2025-05-22,8,2025-04-28,2025-05-12,0.007675438596491238,0.05510217621006116,anchor,anchor_ic_ge_lstm
2025-05-23,8,2025-04-29,2025-05-13,-0.011403508771929825,0.015414348135037781,anchor,anchor_ic_ge_lstm
2025-05-26,8,2025-04-30,2025-05-14,0.00942982456140351,-0.04763089557452754,lstm,lstm_ic_gt_anchor
2025-05-27,8,2025-05-06,2025-05-15,0.0662280701754386,-0.09422527896605165,lstm,lstm_ic_gt_anchor
2025-05-28,8,2025-05-07,2025-05-16,0.12039473684210526,-0.10533482253101802,lstm,lstm_ic_gt_anchor
2025-05-29,8,2025-05-08,2025-05-19,0.0962719298245614,-0.1219239038982466,lstm,lstm_ic_gt_anchor
2025-05-30,8,2025-05-09,2025-05-20,0.08662280701754385,-0.13369035141928348,lstm,lstm_ic_gt_anchor
2025-06-03,8,2025-05-12,2025-05-21,0.11513157894736842,-0.11044934019119187,lstm,lstm_ic_gt_anchor
2025-06-04,8,2025-05-13,2025-05-22,0.10482456140350876,-0.12862540949975848,lstm,lstm_ic_gt_anchor
2025-06-05,8,2025-05-14,2025-05-23,0.08201754385964914,-0.134658407867354,lstm,lstm_ic_gt_anchor
2025-06-06,8,2025-05-15,2025-05-26,0.07302631578947369,-0.06976093442751155,lstm,lstm_ic_gt_anchor
2025-06-09,8,2025-05-16,2025-05-27,0.05570175438596493,-0.014830107228730655,lstm,lstm_ic_gt_anchor
2025-06-10,8,2025-05-19,2025-05-28,0.00964912280701756,0.031667147408005344,anchor,anchor_ic_ge_lstm
2025-06-11,8,2025-05-20,2025-05-29,0.006359649122807037,0.03628511765243923,anchor,anchor_ic_ge_lstm
2025-06-12,8,2025-05-21,2025-05-30,-0.04780701754385963,0.00033514248184299267,anchor,anchor_ic_ge_lstm
2025-06-13,8,2025-05-22,2025-06-03,-0.12675438596491226,0.015474845279618628,anchor,anchor_ic_ge_lstm
2025-06-16,8,2025-05-23,2025-06-04,-0.15899122807017543,0.14837749957052665,anchor,anchor_ic_ge_lstm
2025-06-17,8,2025-05-26,2025-06-05,-0.10789473684210525,0.18482989669814315,anchor,anchor_ic_ge_lstm
2025-06-18,8,2025-05-27,2025-06-06,-0.09166666666666666,0.14424880092313563,anchor,anchor_ic_ge_lstm
2025-06-19,8,2025-05-28,2025-06-09,-0.11162280701754386,0.026950243714651816,anchor,anchor_ic_ge_lstm
2025-06-20,8,2025-05-29,2025-06-10,-0.1418859649122807,-0.06642676846915385,anchor,anchor_ic_ge_lstm
2025-06-23,8,2025-05-30,2025-06-11,-0.1482456140350877,-0.08923962225342626,anchor,anchor_ic_ge_lstm
2025-06-24,8,2025-06-03,2025-06-12,-0.08684210526315789,-0.00598357268422621,anchor,anchor_ic_ge_lstm
2025-06-25,8,2025-06-04,2025-06-13,0.0337719298245614,-0.007107706878519429,lstm,lstm_ic_gt_anchor
2025-06-26,8,2025-06-05,2025-06-16,0.08333333333333334,-0.04277528581423376,lstm,lstm_ic_gt_anchor
2025-06-27,8,2025-06-06,2025-06-17,0.07521929824561403,-0.04466189906514413,lstm,lstm_ic_gt_anchor
2025-06-30,8,2025-06-09,2025-06-18,0.058771929824561406,-0.04217430913799233,lstm,lstm_ic_gt_anchor
2025-07-01,8,2025-06-10,2025-06-19,0.003947368421052616,0.00310192232674715,lstm,lstm_ic_gt_anchor
2025-07-02,8,2025-06-11,2025-06-20,-0.03662280701754386,0.053323545954416046,anchor,anchor_ic_ge_lstm
2025-07-03,8,2025-06-12,2025-06-23,-0.08771929824561402,-0.012052725008881437,anchor,anchor_ic_ge_lstm
2025-07-04,8,2025-06-13,2025-06-24,-0.17083333333333334,-0.09350069570075664,anchor,anchor_ic_ge_lstm
2025-07-07,8,2025-06-16,2025-06-25,-0.2596491228070175,-0.17166158739386472,anchor,anchor_ic_ge_lstm
2025-07-08,8,2025-06-17,2025-06-26,-0.2673245614035088,-0.25525039852377535,anchor,anchor_ic_ge_lstm
2025-07-09,8,2025-06-18,2025-06-27,-0.21491228070175436,-0.19723829101087437,anchor,anchor_ic_ge_lstm
2025-07-10,8,2025-06-19,2025-06-30,-0.1692982456140351,-0.1254975959742142,anchor,anchor_ic_ge_lstm
2025-07-11,8,2025-06-20,2025-07-01,-0.09254385964912276,-0.05050258564456507,anchor,anchor_ic_ge_lstm
2025-07-14,8,2025-06-23,2025-07-02,-0.014912280701754377,-0.08254083600288498,lstm,lstm_ic_gt_anchor
2025-07-15,8,2025-06-24,2025-07-03,0.04649122807017544,-0.05031252113225601,lstm,lstm_ic_gt_anchor
2025-07-16,8,2025-06-25,2025-07-04,0.131359649122807,-0.013100014815142419,lstm,lstm_ic_gt_anchor
2025-07-17,8,2025-06-26,2025-07-07,0.1673245614035088,0.051005728789809565,lstm,lstm_ic_gt_anchor
2025-07-18,8,2025-06-27,2025-07-08,0.2212719298245614,0.13582279539634648,lstm,lstm_ic_gt_anchor
2025-07-21,8,2025-06-30,2025-07-09,0.2280701754385965,0.15034757183065733,lstm,lstm_ic_gt_anchor
2025-07-22,8,2025-07-01,2025-07-10,0.17763157894736842,0.1352549043770136,lstm,lstm_ic_gt_anchor
2025-07-23,8,2025-07-02,2025-07-11,0.1473684210526316,0.03935596006554484,lstm,lstm_ic_gt_anchor
2025-07-24,8,2025-07-03,2025-07-14,0.10701754385964912,0.11506307150627684,anchor,anchor_ic_ge_lstm
2025-07-25,8,2025-07-04,2025-07-15,0.06074561403508773,0.19617918439476473,anchor,anchor_ic_ge_lstm
2025-07-28,8,2025-07-07,2025-07-16,0.02938596491228071,0.17283678900897695,anchor,anchor_ic_ge_lstm
2025-07-29,8,2025-07-08,2025-07-17,0.010307017543859653,0.202223546748934,anchor,anchor_ic_ge_lstm
2025-07-30,8,2025-07-09,2025-07-18,0.0015350877192982573,0.1347497096501546,anchor,anchor_ic_ge_lstm
2025-07-31,8,2025-07-10,2025-07-21,-0.03903508771929825,0.1091238897449481,anchor,anchor_ic_ge_lstm
2025-08-01,8,2025-07-11,2025-07-22,-0.019956140350877193,0.032534566706388476,anchor,anchor_ic_ge_lstm
2025-08-04,8,2025-07-14,2025-07-23,-0.02280701754385965,0.10033861807955195,anchor,anchor_ic_ge_lstm
2025-08-05,8,2025-07-15,2025-07-24,0.028508771929824567,0.06654253462205754,anchor,anchor_ic_ge_lstm
2025-08-06,8,2025-07-16,2025-07-25,0.07390350877192983,0.028108960779864363,lstm,lstm_ic_gt_anchor
2025-08-07,8,2025-07-17,2025-07-28,0.09758771929824561,0.0373998572822376,lstm,lstm_ic_gt_anchor
2025-08-08,8,2025-07-18,2025-07-29,0.12412280701754387,0.042093407632178295,lstm,lstm_ic_gt_anchor
2025-08-11,8,2025-07-21,2025-07-30,0.07850877192982456,0.06254573928806777,lstm,lstm_ic_gt_anchor
2025-08-12,8,2025-07-22,2025-07-31,0.08223684210526316,0.006771606487418572,lstm,lstm_ic_gt_anchor
2025-08-13,8,2025-07-23,2025-08-01,0.10350877192982456,0.037124961996194486,lstm,lstm_ic_gt_anchor
2025-08-14,8,2025-07-24,2025-08-04,0.08574561403508774,0.025867173273474084,lstm,lstm_ic_gt_anchor
2025-08-15,8,2025-07-25,2025-08-05,0.02456140350877193,0.025777634129158043,anchor,anchor_ic_ge_lstm
2025-08-18,8,2025-07-28,2025-08-06,0.019956140350877206,0.02881695454534939,anchor,anchor_ic_ge_lstm
2025-08-19,8,2025-07-29,2025-08-07,0.043201754385964915,0.07136965073804966,anchor,anchor_ic_ge_lstm
2025-08-20,8,2025-07-30,2025-08-08,0.057017543859649134,0.030226643631200534,lstm,lstm_ic_gt_anchor
2025-08-21,8,2025-07-31,2025-08-11,0.13333333333333336,0.007492397855516499,lstm,lstm_ic_gt_anchor
2025-08-22,8,2025-08-01,2025-08-12,0.16096491228070176,-0.035562580977776,lstm,lstm_ic_gt_anchor
2025-08-25,8,2025-08-04,2025-08-13,0.1842105263157895,-0.01894405733594688,lstm,lstm_ic_gt_anchor
2025-08-26,8,2025-08-05,2025-08-14,0.2789473684210526,-0.02834889761293026,lstm,lstm_ic_gt_anchor
2025-08-27,8,2025-08-06,2025-08-15,0.3456140350877193,0.005194242763715898,lstm,lstm_ic_gt_anchor
2025-08-28,8,2025-08-07,2025-08-18,0.2853070175438597,-0.07744556705276129,lstm,lstm_ic_gt_anchor
2025-08-29,8,2025-08-08,2025-08-19,0.2243421052631579,-0.18539321875225287,lstm,lstm_ic_gt_anchor
2025-09-01,8,2025-08-11,2025-08-20,0.1364035087719298,-0.2383311274835278,lstm,lstm_ic_gt_anchor
2025-09-02,8,2025-08-12,2025-08-21,0.07565789473684209,-0.24574839679344976,lstm,lstm_ic_gt_anchor
2025-09-03,8,2025-08-13,2025-08-22,0.040901673346314685,-0.2157824698285181,lstm,lstm_ic_gt_anchor
2025-09-04,8,2025-08-14,2025-08-25,-0.0020807827940361873,-0.23319994253153287,lstm,lstm_ic_gt_anchor
2025-09-05,8,2025-08-15,2025-08-26,-0.03958078279403621,-0.2606667875008579,lstm,lstm_ic_gt_anchor
2025-09-08,8,2025-08-18,2025-08-27,-0.04637902840807129,-0.28902811767452874,lstm,lstm_ic_gt_anchor
2025-09-09,8,2025-08-19,2025-08-28,0.05866483124105151,-0.21106666289891704,lstm,lstm_ic_gt_anchor
2025-09-10,8,2025-08-20,2025-08-29,0.11765605931122698,-0.0831589330322365,lstm,lstm_ic_gt_anchor
2025-09-11,8,2025-08-21,2025-09-01,0.16239290141649013,-0.03460508479579118,lstm,lstm_ic_gt_anchor
2025-09-12,8,2025-08-22,2025-09-02,0.1713841294866656,0.018417902381444362,lstm,lstm_ic_gt_anchor
2025-09-15,8,2025-08-25,2025-09-03,0.16710526315789473,0.02303702246553136,lstm,lstm_ic_gt_anchor
2025-09-16,8,2025-08-26,2025-09-04,0.21885964912280703,0.029658921458845126,lstm,lstm_ic_gt_anchor
2025-09-17,8,2025-08-27,2025-09-05,0.23925438596491228,0.052137765602304154,lstm,lstm_ic_gt_anchor
2025-09-18,8,2025-08-28,2025-09-08,0.13728070175438598,0.018123730365386836,lstm,lstm_ic_gt_anchor
2025-09-19,8,2025-08-29,2025-09-09,0.026754385964912274,-0.017721740847453246,lstm,lstm_ic_gt_anchor
2025-09-22,8,2025-09-01,2025-09-10,-0.06578947368421051,-0.06132463579794692,anchor,anchor_ic_ge_lstm
2025-09-23,8,2025-09-02,2025-09-11,-0.13771929824561405,-0.07515050052622566,anchor,anchor_ic_ge_lstm
2025-09-24,8,2025-09-03,2025-09-12,-0.1739035087719298,-0.08603812120622256,anchor,anchor_ic_ge_lstm
2025-09-25,8,2025-09-04,2025-09-15,-0.21842105263157896,-0.05680820546772141,anchor,anchor_ic_ge_lstm
2025-09-26,8,2025-09-05,2025-09-16,-0.2857456140350877,-0.03296210194615505,anchor,anchor_ic_ge_lstm
2025-09-29,8,2025-09-08,2025-09-17,-0.37719298245614036,-0.08539403100467027,anchor,anchor_ic_ge_lstm
2025-09-30,8,2025-09-09,2025-09-18,-0.32280701754385965,-0.049344911287713074,anchor,anchor_ic_ge_lstm
2025-10-09,8,2025-09-10,2025-09-19,-0.2837719298245614,-0.016417129462930648,anchor,anchor_ic_ge_lstm
2025-10-10,8,2025-09-11,2025-09-22,-0.21162280701754385,-0.01989159278035986,anchor,anchor_ic_ge_lstm
2025-10-13,8,2025-09-12,2025-09-23,-0.14846491228070174,-0.03139506847606151,anchor,anchor_ic_ge_lstm
2025-10-14,8,2025-09-15,2025-09-24,-0.14605263157894738,-0.02758501635543678,anchor,anchor_ic_ge_lstm
2025-10-15,8,2025-09-16,2025-09-25,-0.12434210526315789,-0.016077358683094553,anchor,anchor_ic_ge_lstm
2025-10-16,8,2025-09-17,2025-09-26,-0.12280701754385964,-0.03490747987647963,anchor,anchor_ic_ge_lstm
2025-10-17,8,2025-09-18,2025-09-29,-0.09825552745197852,0.02664046671461286,anchor,anchor_ic_ge_lstm
2025-10-20,8,2025-09-19,2025-09-30,-0.09584324675022414,0.07870634902712612,anchor,anchor_ic_ge_lstm
2025-10-21,8,2025-09-22,2025-10-09,-0.07347482569759256,0.12980026060464384,anchor,anchor_ic_ge_lstm
2025-10-22,8,2025-09-23,2025-10-10,-0.10417658008355747,0.1600030107475281,anchor,anchor_ic_ge_lstm
2025-10-23,8,2025-09-24,2025-10-13,-0.09408886078531185,0.19993373303930226,anchor,anchor_ic_ge_lstm
2025-10-24,8,2025-09-25,2025-10-14,-0.051983597627417125,0.22519118807430183,anchor,anchor_ic_ge_lstm
2025-10-27,8,2025-09-26,2025-10-15,-0.013825702890575026,0.203176159178233,anchor,anchor_ic_ge_lstm
2025-10-28,8,2025-09-29,2025-10-16,0.004376051495389888,0.17464698027308606,anchor,anchor_ic_ge_lstm
2025-10-29,8,2025-09-30,2025-10-17,-0.005043859649122802,0.20072294243420388,anchor,anchor_ic_ge_lstm
2025-10-30,8,2025-10-09,2025-10-20,-0.04802631578947368,0.11882690262968745,anchor,anchor_ic_ge_lstm
2025-10-31,8,2025-10-10,2025-10-21,-0.1074561403508772,0.034170896903531034,anchor,anchor_ic_ge_lstm
2025-11-03,8,2025-10-13,2025-10-22,-0.10986842105263157,-0.002722431679781964,anchor,anchor_ic_ge_lstm
2025-11-04,8,2025-10-14,2025-10-23,-0.16030701754385965,-0.044380277057362284,anchor,anchor_ic_ge_lstm
2025-11-05,8,2025-10-15,2025-10-24,-0.16732456140350876,-0.09335673487845819,anchor,anchor_ic_ge_lstm
2025-11-06,8,2025-10-16,2025-10-27,-0.181359649122807,-0.05230537631120122,anchor,anchor_ic_ge_lstm
2025-11-07,8,2025-10-17,2025-10-28,-0.17171052631578948,-0.023962035234833198,anchor,anchor_ic_ge_lstm
2025-11-10,8,2025-10-20,2025-10-29,-0.11118421052631577,0.0053580967544273606,anchor,anchor_ic_ge_lstm
2025-11-11,8,2025-10-21,2025-10-30,-0.04364035087719297,0.08089258955057482,anchor,anchor_ic_ge_lstm
2025-11-12,8,2025-10-22,2025-10-31,-0.028289473684210524,0.04433974930190713,anchor,anchor_ic_ge_lstm
2025-11-13,8,2025-10-23,2025-11-03,-0.019956140350877193,0.04809287503691061,anchor,anchor_ic_ge_lstm
2025-11-14,8,2025-10-24,2025-11-04,-0.003070175438596487,0.06693250001133122,anchor,anchor_ic_ge_lstm
2025-11-17,8,2025-10-27,2025-11-05,-0.05285087719298246,0.0909990699041402,anchor,anchor_ic_ge_lstm
2025-11-18,8,2025-10-28,2025-11-06,-0.10964912280701754,0.09816472083204025,anchor,anchor_ic_ge_lstm
2025-11-19,8,2025-10-29,2025-11-07,-0.19736842105263155,0.14882704030310695,anchor,anchor_ic_ge_lstm
2025-11-20,8,2025-10-30,2025-11-10,-0.2532894736842105,0.06888890734380376,anchor,anchor_ic_ge_lstm
2025-11-21,8,2025-10-31,2025-11-11,-0.27982456140350875,0.042201601423389634,anchor,anchor_ic_ge_lstm
2025-11-24,8,2025-11-03,2025-11-12,-0.2809210526315789,0.08528741854075911,anchor,anchor_ic_ge_lstm
2025-11-25,8,2025-11-04,2025-11-13,-0.27368421052631575,0.05175263681115093,anchor,anchor_ic_ge_lstm
2025-11-26,8,2025-11-05,2025-11-14,-0.2407894736842105,0.056870371903160424,anchor,anchor_ic_ge_lstm
2025-11-27,8,2025-11-06,2025-11-17,-0.18925438596491226,0.05626930072215735,anchor,anchor_ic_ge_lstm
2025-11-28,8,2025-11-07,2025-11-18,-0.1282894736842105,0.050238928379619366,anchor,anchor_ic_ge_lstm
2025-12-01,8,2025-11-10,2025-11-19,-0.07214912280701753,0.0005074137198903678,anchor,anchor_ic_ge_lstm
2025-12-02,8,2025-11-11,2025-11-20,0.0013157894736842285,0.023058043587033682,anchor,anchor_ic_ge_lstm
2025-12-03,8,2025-11-12,2025-11-21,0.06315789473684211,0.04614645506866729,lstm,lstm_ic_gt_anchor
2025-12-04,8,2025-11-13,2025-11-24,0.15109649122807017,0.1250768424807644,lstm,lstm_ic_gt_anchor
2025-12-05,8,2025-11-14,2025-11-25,0.18706140350877193,0.1511210755205722,lstm,lstm_ic_gt_anchor
2025-12-08,8,2025-11-17,2025-11-26,0.1774122807017544,0.14266187304760314,lstm,lstm_ic_gt_anchor
2025-12-09,8,2025-11-18,2025-11-27,0.14846491228070174,0.15555115654131563,anchor,anchor_ic_ge_lstm
2025-12-10,8,2025-11-19,2025-11-28,0.13355263157894737,0.09078600308302794,lstm,lstm_ic_gt_anchor
2025-12-11,8,2025-11-20,2025-12-01,0.1269736842105263,0.03821106403542539,lstm,lstm_ic_gt_anchor
2025-12-12,8,2025-11-21,2025-12-02,0.03596491228070178,0.02825905475622323,lstm,lstm_ic_gt_anchor
2025-12-15,8,2025-11-24,2025-12-03,-0.028508771929824553,-0.028614868247084216,lstm,lstm_ic_gt_anchor
2025-12-16,8,2025-11-25,2025-12-04,-0.0962719298245614,-0.10632947157640614,lstm,lstm_ic_gt_anchor
2025-12-17,8,2025-11-26,2025-12-05,-0.1475877192982456,-0.0691137586062153,anchor,anchor_ic_ge_lstm
2025-12-18,8,2025-11-27,2025-12-08,-0.16249999999999998,-0.05962281251598604,anchor,anchor_ic_ge_lstm
2025-12-19,8,2025-11-28,2025-12-09,-0.2100877192982456,-0.032817127397502185,anchor,anchor_ic_ge_lstm
2025-12-22,8,2025-12-01,2025-12-10,-0.2326754385964912,0.057822177694095894,anchor,anchor_ic_ge_lstm
2025-12-23,8,2025-12-02,2025-12-11,-0.23618421052631577,0.05704880090186057,anchor,anchor_ic_ge_lstm
2025-12-24,8,2025-12-03,2025-12-12,-0.2284154366338427,0.021874160549450336,anchor,anchor_ic_ge_lstm
2025-12-25,8,2025-12-04,2025-12-15,-0.2352136822478778,0.033359863707475616,anchor,anchor_ic_ge_lstm
2025-12-26,8,2025-12-05,2025-12-16,-0.24266982259875497,0.022212569101351692,anchor,anchor_ic_ge_lstm
2025-12-29,8,2025-12-08,2025-12-17,-0.25933648926542163,-0.028362844055301643,anchor,anchor_ic_ge_lstm
2025-12-30,8,2025-12-09,2025-12-18,-0.26065227873910585,-0.030542176494783697,anchor,anchor_ic_ge_lstm
2025-12-31,8,2025-12-10,2025-12-19,-0.21416105066893043,-0.08256517487298991,anchor,anchor_ic_ge_lstm
2026-01-05,8,2025-12-11,2025-12-22,-0.15363473487945675,-0.12760697000149063,anchor,anchor_ic_ge_lstm
2026-01-06,8,2025-12-12,2025-12-23,-0.08367859452857954,-0.049847604693746064,anchor,anchor_ic_ge_lstm
2026-01-07,8,2025-12-15,2025-12-24,-0.006578947368421045,0.013491036174205766,anchor,anchor_ic_ge_lstm
2026-01-08,8,2025-12-16,2025-12-25,0.03157894736842107,0.06687159797936881,anchor,anchor_ic_ge_lstm
2026-01-09,8,2025-12-17,2025-12-26,0.05482456140350877,0.07721327883827869,anchor,anchor_ic_ge_lstm
2026-01-12,8,2025-12-18,2025-12-29,0.09276315789473685,0.11552320697805732,anchor,anchor_ic_ge_lstm
2026-01-13,8,2025-12-19,2025-12-30,0.1081140350877193,0.13064044396253416,anchor,anchor_ic_ge_lstm
2026-01-14,8,2025-12-22,2025-12-31,0.0905701754385965,0.09678980673977292,anchor,anchor_ic_ge_lstm
2026-01-15,8,2025-12-23,2026-01-05,-0.027412280701754388,0.07772277664961509,anchor,anchor_ic_ge_lstm
2026-01-16,8,2025-12-24,2026-01-06,-0.1337719298245614,0.08152024969578858,anchor,anchor_ic_ge_lstm
2026-01-19,8,2025-12-25,2026-01-07,-0.16447368421052633,0.14083881438579,anchor,anchor_ic_ge_lstm
2026-01-20,8,2025-12-26,2026-01-08,-0.1763157894736842,0.020575461392815596,anchor,anchor_ic_ge_lstm
2026-01-21,8,2025-12-29,2026-01-09,-0.15964912280701754,0.011071297122454776,anchor,anchor_ic_ge_lstm
2026-01-22,8,2025-12-30,2026-01-12,-0.0800438596491228,0.061267771332095565,anchor,anchor_ic_ge_lstm
2026-01-23,8,2025-12-31,2026-01-13,0.003070175438596473,0.06369027456937322,anchor,anchor_ic_ge_lstm
2026-01-26,8,2026-01-05,2026-01-14,0.10285087719298244,0.12257117741097409,anchor,anchor_ic_ge_lstm
2026-01-27,8,2026-01-06,2026-01-15,0.20328947368421052,0.11365332863978635,lstm,lstm_ic_gt_anchor
2026-01-28,8,2026-01-07,2026-01-16,0.24407894736842103,0.12272027127931004,lstm,lstm_ic_gt_anchor
2026-01-29,8,2026-01-08,2026-01-19,0.20657894736842103,0.10550310740129518,lstm,lstm_ic_gt_anchor
2026-01-30,8,2026-01-09,2026-01-20,0.18201754385964908,0.10629664801283638,lstm,lstm_ic_gt_anchor
2026-02-02,8,2026-01-12,2026-01-21,0.19978070175438595,0.16121189733051483,lstm,lstm_ic_gt_anchor
2026-02-03,8,2026-01-13,2026-01-22,0.11359649122807017,0.0682201873565906,lstm,lstm_ic_gt_anchor
2026-02-04,8,2026-01-14,2026-01-23,0.0682017543859649,0.024216979431838107,lstm,lstm_ic_gt_anchor
2026-02-05,8,2026-01-15,2026-01-26,0.021491228070175436,-0.03259033535845282,lstm,lstm_ic_gt_anchor
2026-02-06,8,2026-01-16,2026-01-27,0.06973684210526315,-0.00926834972725439,lstm,lstm_ic_gt_anchor
2026-02-09,8,2026-01-19,2026-01-28,0.1524122807017544,-0.058443104819390676,lstm,lstm_ic_gt_anchor
2026-02-10,8,2026-01-20,2026-01-29,0.24013157894736842,-0.14077483821658737,lstm,lstm_ic_gt_anchor
2026-02-11,8,2026-01-21,2026-01-30,0.34561403508771926,-0.09492386297124342,lstm,lstm_ic_gt_anchor
2026-02-12,8,2026-01-22,2026-02-02,0.3576754385964912,-0.06325638424295094,lstm,lstm_ic_gt_anchor
2026-02-13,8,2026-01-23,2026-02-03,0.418640350877193,-0.013832856032167759,lstm,lstm_ic_gt_anchor
2026-02-24,8,2026-01-26,2026-02-04,0.40855263157894733,0.02868381180518898,lstm,lstm_ic_gt_anchor
2026-02-25,8,2026-01-27,2026-02-05,0.3789473684210526,0.05218530484543685,lstm,lstm_ic_gt_anchor
2026-02-26,8,2026-01-28,2026-02-06,0.31666666666666665,0.045012160717511455,lstm,lstm_ic_gt_anchor
2026-02-27,8,2026-01-29,2026-02-09,0.2482456140350877,0.03495627189458587,lstm,lstm_ic_gt_anchor
2026-03-02,8,2026-01-30,2026-02-10,0.14057017543859648,0.05318308977418174,lstm,lstm_ic_gt_anchor
2026-03-03,8,2026-02-02,2026-02-11,0.033771929824561384,0.08588160966119181,anchor,anchor_ic_ge_lstm
2026-03-04,8,2026-02-03,2026-02-12,-0.0317982456140351,0.019261368292597995,anchor,anchor_ic_ge_lstm
2026-03-05,8,2026-02-04,2026-02-13,-0.07039473684210527,0.007601680557569941,anchor,anchor_ic_ge_lstm
2026-03-06,8,2026-02-05,2026-02-24,-0.07894736842105263,0.041606846433577184,anchor,anchor_ic_ge_lstm
2026-03-09,8,2026-02-06,2026-02-25,-0.04342105263157896,0.12191508057522288,anchor,anchor_ic_ge_lstm
2026-03-10,8,2026-02-09,2026-02-26,-0.04714912280701755,0.12149041134866506,anchor,anchor_ic_ge_lstm
2026-03-11,8,2026-02-10,2026-02-27,-0.03530701754385966,0.12699868333664932,anchor,anchor_ic_ge_lstm
2026-03-12,8,2026-02-11,2026-03-02,0.033991228070175426,0.1492804684373463,anchor,anchor_ic_ge_lstm
2026-03-13,8,2026-02-12,2026-03-03,0.08859649122807017,0.1850344583066475,anchor,anchor_ic_ge_lstm
2026-03-16,8,2026-02-13,2026-03-04,0.18245614035087718,0.24396223757467414,anchor,anchor_ic_ge_lstm
2026-03-17,8,2026-02-24,2026-03-05,0.181359649122807,0.20133681951989718,anchor,anchor_ic_ge_lstm
2026-03-18,8,2026-02-25,2026-03-06,0.15175438596491225,0.19969074533712391,anchor,anchor_ic_ge_lstm
2026-03-19,8,2026-02-26,2026-03-09,0.14364035087719296,0.18347472012626298,anchor,anchor_ic_ge_lstm
2026-03-20,8,2026-02-27,2026-03-10,0.17763157894736842,0.22397962477902006,anchor,anchor_ic_ge_lstm
2026-03-23,8,2026-03-02,2026-03-11,0.22894736842105262,0.24331420234606488,anchor,anchor_ic_ge_lstm
2026-03-24,8,2026-03-03,2026-03-12,0.2589912280701754,0.19456894954236992,lstm,lstm_ic_gt_anchor
